Produto 1;Porta Azeite Dispenser De Oleo Azeite Com Pincel Culinario De Silicone Porta Tempero Cozinha Galheteiro;produto_1.jpg;https://shope.ee/2AoIkBPFXV;Ativo
Produto 2;Mini Massageador de Cervical Elétrico Portátil Alivia Dores Corpo Pescoço;produto_2.jpg;https://shope.ee/7zm5hPLJnJ;Ativo
Produto 3;Armário Multiuso Com Rodinhas Organizador de Cozinha e Lavanderia;produto_3.jpg;https://shope.ee/6011KCYogU;Ativo
Produto 4;Par Película anti Embaçante e chuva Original SIMPLES instalação;produto_4.jpg;https://shope.ee/5ARuKto08m;Ativo
Produto 5;Cesta De Legumes Com Mosquito Bug Prova Net Rodada Bandeja De Vime Piquenique Pão;produto_5.jpg;https://shope.ee/4fVdkSvJgM;Ativo
Produto 6;Rolo Adesivo Tira Pelos Fiapos Roupas Casacos Pet Animais Portatil Removedor Pelos nas Roupas Prático;produto_6.jpg;https://shope.ee/9euKywnwpi;Ativo
Produto 7;Travesseiro De Casal Almofada Casal Novo Estilo Almofada de Pressão;produto_7.jpg;https://shope.ee/3pwY2I8TEB;Ativo
Produto 8;Cortador De Unha Elétrico USB Aparador Adulto Crianças Clipper Automático;produto_8.jpg;https://shope.ee/2AoK3M2zTM;Ativo
Produto 9;dispensador quantitativo de grãos armazenamento arroz dispenser de alimentos dispenser de cereais potes de mantimentos organizadores;produto_9.jpg;https://shope.ee/2L7kFij8qF;Ativo
Produto 10;Mini Lanterna Chaveiro de Bolso Multifuncional, Abridor de Garrafa, Chaves de Fenda;produto_10.jpg;https://shope.ee/6012cXKMb3;Ativo
Produto 11;Mosquiteiro Tipo Tenda Casal 1.5cm*2.0cm 1.8cmX2.0cm W;produto_11.jpg;https://shope.ee/5fOCRVxkN0;Ativo
Produto 12;Mini Teclado Portátil Dobrável Sem Fio Bluetooth Touchpad Para iPad Phone Tablet;produto_12.jpg;https://shope.ee/6KdtDq8xhD;Ativo
Produto 13;Luminária LED com USB Recarregável e sensor de presença de Movimento 60CM;produto_13.jpg;https://shope.ee/4VCF2aUv1M;Ativo
Produto 14;Portátil Dupla-Camada Bento Caixa De Microondas Recipiente De Armazenamento De Alimentos Almoço;produto_14.jpg;https://shope.ee/3AgrSETAfx;Ativo
Produto 15;Protetor de Toalha de Mesa Retangular 1,40x2,10 ou Quadrado 70X70cm1,40X1,40cm Plástico Transparente 100% Pvc Flexível;produto_15.jpg;https://shope.ee/7f9GpGfS30;Ativo
Produto 16;Espremedor Elétrico Laranja Limão Frutas 400ML P/ Fazer Sucos USB Recarregável Inox;produto_16.jpg;https://shope.ee/508ayEQ49q;Ativo
Produto 17;Robô aspirador limpeza da sua casa sem ter que trabalhar vassoura pano;produto_17.jpg;https://shope.ee/6AKYP4FtnU;Ativo
Produto 18;Lenove V88 Drone 8K 5G GPS Profissional HD Fotografia Aérea Dual-Camera Omnidirecional Prevenção de Obstáculos Quadraotor;produto_18.jpg;https://shope.ee/6018CxXXzM;Ativo
Produto 19;Bomba Elétrica De Galão Universal Com Carregamento USB Para Galão Garrafão De Água;produto_19.jpg;https://shope.ee/AUTXZQy6S0;Ativo
Produto 20;Árvore de Natal Pinheiro Verde 120 cm com 120 Galhos Média com Base Plástico;produto_20.jpg;https://shope.ee/5KlRQLyTCw;Ativo
Produto 21;Desentupidor De Alta Pressão Sanitário DGE;produto_21.jpg;https://shope.ee/9euRMApBqt;Ativo
Produto 22;Porta Grãos com medição, giratório e selado contra insetos;produto_22.jpg;https://shope.ee/9Ub1FNAT6O;Ativo
Produto 23;Video Game Stick 4k 10mil Jogos Retro 2 Controles Sem Fio Console Portatil Jogos Retro Antigo Original Envio Imediato;produto_23.jpg;https://shope.ee/2fkhs7QUvQ;Ativo
Produto 24;Lovito Vestido Casual Listrado Com Cinto Para Mulheres LBE04056 (Azul);produto_24.jpg;https://shope.ee/99yBd0ZaZm;Ativo
Produto 25;Mini Ar Condicionado Portátil Arctic Air Cooler/ Nexfan Ultra/ Arctic Air Ultra-Pro Umidificador Climatizador Luz Led;produto_25.jpg;https://shope.ee/6Ke0H7HeRE;Ativo
Produto 26;Carplay & Auto Portátil Carro Multimídia 7 " MP5 Player Rádio IPS Tela Suporte Sem Fio Controle Remoto Reverso Da Câmera;produto_26.jpg;https://shope.ee/9KHcYuWWPw;Ativo